<?xml version="1.0" encoding="UTF-8"?>
<metadata xml:lang="it"><Esri><CreaDate>20161103</CreaDate><CreaTime>03472000</CreaTime><ArcGISFormat>1.0</ArcGISFormat><SyncOnce>FALSE</SyncOnce><DataProperties><lineage><Process ToolSource="c:\program files (x86)\arcgis\desktop10.1\ArcToolbox\Toolboxes\Data Management Tools.tbx\DeleteField" Date="20150330" Time="164049">DeleteField D:\gio_model_next.gdb\gio\transp_o act_id</Process><Process ToolSource="c:\program files (x86)\arcgis\desktop10.1\ArcToolbox\Toolboxes\Data Management Tools.tbx\AddField" Date="20150330" Time="165629">AddField D:\gio_model_next.gdb\gio\transp_o act_id TEXT # # 100 ACT_ID NULLABLE NON_REQUIRED #</Process><Process ToolSource="c:\program files (x86)\arcgis\desktop10.1\ArcToolbox\Toolboxes\Data Management Tools.tbx\DeleteField" Date="20150415" Time="104744">DeleteField transp_o imp_ass_EQ</Process><Process ToolSource="c:\program files (x86)\arcgis\desktop10.1\ArcToolbox\Toolboxes\Data Management Tools.tbx\DeleteField" Date="20150706" Time="163517">DeleteField Z:\EMERGENCY_UTILITIES_nuovo_contratto_2015\EMS_Template_v6\EMS_Template_v6_MAPS\gio_model_next_V3_2.gdb\gio\transp_o imp_ass_EQ</Process><Process ToolSource="c:\program files (x86)\arcgis\desktop10.1\ArcToolbox\Toolboxes\Data Management Tools.tbx\DeleteField" Date="20150706" Time="165605">DeleteField Z:\EMERGENCY_UTILITIES_nuovo_contratto_2015\EMS_Template_v6\EMS_Template_v6_MAPS\gio_model_next_V3_2.gdb\gio\transp_o imp_ass_EQ</Process><Process ToolSource="c:\program files (x86)\arcgis\desktop10.1\ArcToolbox\Toolboxes\Data Management Tools.tbx\CopyFeatures" Date="20151201" Time="125727">CopyFeatures Z:\ATTIVITA\PRODUZIONE\RapidMapping\DataModel\gio_model_next_V3_3.gdb\gio\transp_o "Database Connections\rush_to_v33.sde\gio_model_next_v33.rush.gio\gio_model_next_v33.rush.transp_o" # 0 0 0</Process></lineage><itemProps><itemName Sync="TRUE">gio_model_next_v33.rush.transp_o</itemName><imsContentType Sync="TRUE">002</imsContentType><itemLocation><linkage Sync="TRUE">file://\\eq1\EQDATA01\GIO-LFS\EMERGENCY_UTILITIES_nuovo_contratto_2015\work\TEST_TEMPLATE_9.3\gio_model_next_V3_3b_1.gdb</linkage><protocol Sync="TRUE">Local Area Network</protocol></itemLocation></itemProps><coordRef><type Sync="TRUE">Geographic</type><geogcsn Sync="TRUE">GCS_WGS_1984</geogcsn><csUnits Sync="TRUE">Angular Unit: Degree (0.017453)</csUnits><peXml Sync="TRUE">&lt;GeographicCoordinateSystem xsi:type='typens:GeographicCoordinateSystem' xmlns:xsi='http://www.w3.org/2001/XMLSchema-instance' xmlns:xs='http://www.w3.org/2001/XMLSchema' xmlns:typens='http://www.esri.com/schemas/ArcGIS/10.1'&gt;&lt;WKT&gt;GEOGCS[&amp;quot;GCS_WGS_1984&amp;quot;,DATUM[&amp;quot;D_WGS_1984&amp;quot;,SPHEROID[&amp;quot;WGS_1984&amp;quot;,6378137.0,298.257223563]],PRIMEM[&amp;quot;Greenwich&amp;quot;,0.0],UNIT[&amp;quot;Degree&amp;quot;,0.0174532925199433],AUTHORITY[&amp;quot;EPSG&amp;quot;,4326]]&lt;/WKT&gt;&lt;XOrigin&gt;-400&lt;/XOrigin&gt;&lt;YOrigin&gt;-400&lt;/YOrigin&gt;&lt;XYScale&gt;999999999.99999988&lt;/XYScale&gt;&lt;ZOrigin&gt;-100000&lt;/ZOrigin&gt;&lt;ZScale&gt;10000&lt;/ZScale&gt;&lt;MOrigin&gt;-100000&lt;/MOrigin&gt;&lt;MScale&gt;10000&lt;/MScale&gt;&lt;XYTolerance&gt;8.9831528411952199e-009&lt;/XYTolerance&gt;&lt;ZTolerance&gt;0.001&lt;/ZTolerance&gt;&lt;MTolerance&gt;0.001&lt;/MTolerance&gt;&lt;HighPrecision&gt;true&lt;/HighPrecision&gt;&lt;LeftLongitude&gt;-180&lt;/LeftLongitude&gt;&lt;WKID&gt;4326&lt;/WKID&gt;&lt;LatestWKID&gt;4326&lt;/LatestWKID&gt;&lt;/GeographicCoordinateSystem&gt;</peXml></coordRef></DataProperties><SyncDate>20151201</SyncDate><SyncTime>12572200</SyncTime><ModDate>20151201</ModDate><ModTime>12572200</ModTime></Esri><dataIdInfo><envirDesc Sync="TRUE">Microsoft Windows 7 Version 6.1 (Build 7601) Service Pack 1; Esri ArcGIS 10.1.1.3143</envirDesc><dataLang><languageCode value="ita" Sync="TRUE"></languageCode><countryCode value="ITA" Sync="TRUE"></countryCode></dataLang><idCitation><resTitle Sync="TRUE">gio_model_next_v33.rush.transp_o</resTitle><presForm><PresFormCd value="005" Sync="TRUE"></PresFormCd></presForm></idCitation><spatRpType><SpatRepTypCd value="001" Sync="TRUE"></SpatRepTypCd></spatRpType></dataIdInfo><mdLang><languageCode value="ita" Sync="TRUE"></languageCode><countryCode value="ITA" Sync="TRUE"></countryCode></mdLang><distInfo><distFormat><formatName Sync="TRUE">SDE Feature Class</formatName></distFormat></distInfo><mdHrLv><ScopeCd value="005" Sync="TRUE"></ScopeCd></mdHrLv><mdHrLvName Sync="TRUE">dataset</mdHrLvName><refSysInfo><RefSystem><refSysID><identCode code="4326" Sync="TRUE"></identCode><idCodeSpace Sync="TRUE">EPSG</idCodeSpace><idVersion Sync="TRUE">7.11.2</idVersion></refSysID></RefSystem></refSysInfo><spatRepInfo><VectSpatRep><geometObjs Name="gio_model_next_v33.rush.transp_o"><geoObjTyp><GeoObjTypCd value="004" Sync="TRUE"></GeoObjTypCd></geoObjTyp><geoObjCnt Sync="TRUE">0</geoObjCnt></geometObjs><topLvl><TopoLevCd value="001" Sync="TRUE"></TopoLevCd></topLvl></VectSpatRep></spatRepInfo><spdoinfo><ptvctinf><esriterm Name="gio_model_next_v33.rush.transp_o"><efeatyp Sync="TRUE">Simple</efeatyp><efeageom code="1" Sync="TRUE"></efeageom><esritopo Sync="TRUE">FALSE</esritopo><efeacnt Sync="TRUE">0</efeacnt><spindex Sync="TRUE">TRUE</spindex><linrefer Sync="TRUE">FALSE</linrefer></esriterm></ptvctinf></spdoinfo><eainfo><detailed Name="gio_model_next_v33.rush.transp_o"><enttyp><enttypl Sync="TRUE">gio_model_next_v33.rush.transp_o</enttypl><enttypt Sync="TRUE">Feature Class</enttypt><enttypc Sync="TRUE">0</enttypc></enttyp><attr><attrlabl Sync="TRUE">objectid</attrlabl><attalias Sync="TRUE">ObjectID</attalias><attrtype Sync="TRUE">OID</attrtype><attwidth Sync="TRUE">4</attwidth><atprecis Sync="TRUE">10</atprecis><attscale Sync="TRUE">0</attscale><attrdef Sync="TRUE">Internal feature number.</attrdef><attrdefs Sync="TRUE">Esri</attrdefs><attrdomv><udom Sync="TRUE">Sequential unique whole numbers that are automatically generated.</udom></attrdomv></attr><attr><attrlabl Sync="TRUE">acc</attrlabl><attalias Sync="TRUE">ACC</attalias><attrtype Sync="TRUE">Integer</attrtype><attwidth Sync="TRUE">4</attwidth><atprecis Sync="TRUE">10</atprecis><attscale Sync="TRUE">0</attscale></attr><attr><attrlabl Sync="TRUE">nam_info</attrlabl><attalias Sync="TRUE">NAM_INFO</attalias><attrtype Sync="TRUE">String</attrtype><attwidth Sync="TRUE">20</attwidth><atprecis Sync="TRUE">0</atprecis><attscale Sync="TRUE">0</attscale></attr><attr><attrlabl Sync="TRUE">src_date</attrlabl><attalias Sync="TRUE">SRC_DATE</attalias><attrtype Sync="TRUE">Date</attrtype><attwidth Sync="TRUE">36</attwidth><atprecis Sync="TRUE">0</atprecis><attscale Sync="TRUE">0</attscale></attr><attr><attrlabl Sync="TRUE">oga</attrlabl><attalias Sync="TRUE">OGA</attalias><attrtype Sync="TRUE">String</attrtype><attwidth Sync="TRUE">15</attwidth><atprecis Sync="TRUE">0</atprecis><attscale Sync="TRUE">0</attscale></attr><attr><attrlabl Sync="TRUE">src_info</attrlabl><attalias Sync="TRUE">SRC_INFO</attalias><attrtype Sync="TRUE">String</attrtype><attwidth Sync="TRUE">50</attwidth><atprecis Sync="TRUE">0</atprecis><attscale Sync="TRUE">0</attscale></attr><attr><attrlabl Sync="TRUE">ext_scale</attrlabl><attalias Sync="TRUE">EXT_SCALE</attalias><attrtype Sync="TRUE">String</attrtype><attwidth Sync="TRUE">15</attwidth><atprecis Sync="TRUE">0</atprecis><attscale Sync="TRUE">0</attscale></attr><attr><attrlabl Sync="TRUE">nam</attrlabl><attalias Sync="TRUE">NAM</attalias><attrtype Sync="TRUE">String</attrtype><attwidth Sync="TRUE">80</attwidth><atprecis Sync="TRUE">0</atprecis><attscale Sync="TRUE">0</attscale></attr><attr><attrlabl Sync="TRUE">ext_date</attrlabl><attalias Sync="TRUE">EXT_DATE</attalias><attrtype Sync="TRUE">Date</attrtype><attwidth Sync="TRUE">36</attwidth><atprecis Sync="TRUE">0</atprecis><attscale Sync="TRUE">0</attscale></attr><attr><attrlabl Sync="TRUE">cpyrt_note</attrlabl><attalias Sync="TRUE">CPYRT_NOTE</attalias><attrtype Sync="TRUE">String</attrtype><attwidth Sync="TRUE">255</attwidth><atprecis Sync="TRUE">0</atprecis><attscale Sync="TRUE">0</attscale></attr><attr><attrlabl Sync="TRUE">fcsubtype</attrlabl><attalias Sync="TRUE">FCSubtype</attalias><attrtype Sync="TRUE">Integer</attrtype><attwidth Sync="TRUE">4</attwidth><atprecis Sync="TRUE">10</atprecis><attscale Sync="TRUE">0</attscale></attr><attr><attrlabl Sync="TRUE">src_name</attrlabl><attalias Sync="TRUE">SRC_NAME</attalias><attrtype Sync="TRUE">Integer</attrtype><attwidth Sync="TRUE">4</attwidth><atprecis Sync="TRUE">10</atprecis><attscale Sync="TRUE">0</attscale></attr><attr><attrlabl Sync="TRUE">fcode</attrlabl><attalias Sync="TRUE">Feature Code</attalias><attrtype Sync="TRUE">String</attrtype><attwidth Sync="TRUE">5</attwidth><atprecis Sync="TRUE">0</atprecis><attscale Sync="TRUE">0</attscale></attr><attr><attrlabl Sync="TRUE">txt</attrlabl><attalias Sync="TRUE">TXT</attalias><attrtype Sync="TRUE">String</attrtype><attwidth Sync="TRUE">255</attwidth><atprecis Sync="TRUE">0</atprecis><attscale Sync="TRUE">0</attscale></attr><attr><attrlabl Sync="TRUE">imp_ass</attrlabl><attalias Sync="TRUE">IMP_ASS</attalias><attrtype Sync="TRUE">Integer</attrtype><attwidth Sync="TRUE">4</attwidth><atprecis Sync="TRUE">10</atprecis><attscale Sync="TRUE">0</attscale></attr><attr><attrlabl Sync="TRUE">status</attrlabl><attalias Sync="TRUE">status</attalias><attrtype Sync="TRUE">Integer</attrtype><attwidth Sync="TRUE">4</attwidth><atprecis Sync="TRUE">10</atprecis><attscale Sync="TRUE">0</attscale></attr><attr><attrlabl Sync="TRUE">act_id</attrlabl><attalias Sync="TRUE">ACT_ID</attalias><attrtype Sync="TRUE">String</attrtype><attwidth Sync="TRUE">100</attwidth><atprecis Sync="TRUE">0</atprecis><attscale Sync="TRUE">0</attscale></attr><attr><attrlabl Sync="TRUE">shape</attrlabl><attalias Sync="TRUE">shape</attalias><attrtype Sync="TRUE">Geometry</attrtype><attwidth Sync="TRUE">4</attwidth><atprecis Sync="TRUE">0</atprecis><attscale Sync="TRUE">0</attscale><attrdef Sync="TRUE">Feature geometry.</attrdef><attrdefs Sync="TRUE">Esri</attrdefs><attrdomv><udom Sync="TRUE">Coordinates defining the features.</udom></attrdomv></attr><subtype><stname Sync="TRUE">SR040 - Crossing</stname><stcode Sync="TRUE">2</stcode><stfield><stfldnm Sync="TRUE">acc</stfldnm><stflddv Sync="TRUE">1</stflddv><stflddd><domname Sync="TRUE">domACC</domname><domdesc Sync="TRUE"></domdesc><domtype Sync="TRUE">Coded Value</domtype><mrgtype Sync="TRUE">Default value</mrgtype><splttype Sync="TRUE">Duplicate</splttype><domowner Sync="TRUE">rush</domowner><domfldtp Sync="TRUE">Integer</domfldtp></stflddd></stfield><stfield><stfldnm Sync="TRUE">nam_info</stfldnm><stflddv Sync="TRUE">Unk</stflddv><stflddd><domname Sync="TRUE">domNAM_INFO</domname><domdesc Sync="TRUE"></domdesc><domtype Sync="TRUE">Coded Value</domtype><mrgtype Sync="TRUE">Default value</mrgtype><splttype Sync="TRUE">Duplicate</splttype><domowner Sync="TRUE">rush</domowner><domfldtp Sync="TRUE">String</domfldtp></stflddd></stfield><stfield><stfldnm Sync="TRUE">oga</stfldnm><stflddv Sync="TRUE">Unk</stflddv><stflddd><domname Sync="TRUE">domOGA_PSR040</domname><domdesc Sync="TRUE"></domdesc><domtype Sync="TRUE">Coded Value</domtype><mrgtype Sync="TRUE">Default value</mrgtype><splttype Sync="TRUE">Duplicate</splttype><domowner Sync="TRUE">rush</domowner><domfldtp Sync="TRUE">String</domfldtp></stflddd></stfield><stfield><stfldnm Sync="TRUE">src_info</stfldnm><stflddv Sync="TRUE">Unk</stflddv></stfield><stfield><stfldnm Sync="TRUE">ext_scale</stfldnm><stflddv Sync="TRUE">10k</stflddv><stflddd><domname Sync="TRUE">domEXT_SCALE</domname><domdesc Sync="TRUE"></domdesc><domtype Sync="TRUE">Coded Value</domtype><mrgtype Sync="TRUE">Default value</mrgtype><splttype Sync="TRUE">Duplicate</splttype><domowner Sync="TRUE">rush</domowner><domfldtp Sync="TRUE">String</domfldtp></stflddd></stfield><stfield><stfldnm Sync="TRUE">nam</stfldnm><stflddv Sync="TRUE">Unk</stflddv></stfield><stfield><stfldnm Sync="TRUE">cpyrt_note</stfldnm><stflddv Sync="TRUE">NA</stflddv><stflddd><domname Sync="TRUE">domCPYRT_NOTE</domname><domdesc Sync="TRUE"></domdesc><domtype Sync="TRUE">Coded Value</domtype><mrgtype Sync="TRUE">Default value</mrgtype><splttype Sync="TRUE">Duplicate</splttype><domowner Sync="TRUE">rush</domowner><domfldtp Sync="TRUE">String</domfldtp></stflddd></stfield><stfield><stfldnm Sync="TRUE">fcsubtype</stfldnm><stflddv Sync="TRUE">0</stflddv></stfield><stfield><stfldnm Sync="TRUE">src_name</stfldnm><stflddv Sync="TRUE">998</stflddv><stflddd><domname Sync="TRUE">domSRC_NAME</domname><domdesc Sync="TRUE"></domdesc><domtype Sync="TRUE">Coded Value</domtype><mrgtype Sync="TRUE">Default value</mrgtype><splttype Sync="TRUE">Duplicate</splttype><domowner Sync="TRUE">rush</domowner><domfldtp Sync="TRUE">Integer</domfldtp></stflddd></stfield><stfield><stfldnm Sync="TRUE">fcode</stfldnm><stflddv Sync="TRUE">SR040</stflddv><stflddd><domname Sync="TRUE">domFCODE_SR040</domname><domdesc Sync="TRUE"></domdesc><domtype Sync="TRUE">Coded Value</domtype><mrgtype Sync="TRUE">Default value</mrgtype><splttype Sync="TRUE">Default value</splttype><domowner Sync="TRUE">rush</domowner><domfldtp Sync="TRUE">String</domfldtp></stflddd></stfield><stfield><stfldnm Sync="TRUE">txt</stfldnm><stflddv Sync="TRUE">Unk</stflddv></stfield><stfield><stfldnm Sync="TRUE">imp_ass</stfldnm><stflddd><domname Sync="TRUE">domIMP_ASS_Event</domname><domdesc Sync="TRUE"></domdesc><domtype Sync="TRUE">Coded Value</domtype><mrgtype Sync="TRUE">Default value</mrgtype><splttype Sync="TRUE">Duplicate</splttype><domowner Sync="TRUE">rush</domowner><domfldtp Sync="TRUE">Integer</domfldtp></stflddd></stfield><stfield><stfldnm Sync="TRUE">status</stfldnm><stflddd><domname Sync="TRUE">domSTATUS</domname><domdesc Sync="TRUE"></domdesc><domtype Sync="TRUE">Coded Value</domtype><mrgtype Sync="TRUE">Default value</mrgtype><splttype Sync="TRUE">Default value</splttype><domowner Sync="TRUE">rush</domowner><domfldtp Sync="TRUE">Integer</domfldtp></stflddd></stfield></subtype><subtype><stname Sync="TRUE">AQ130 - Tunnel</stname><stcode Sync="TRUE">1</stcode><stfield><stfldnm Sync="TRUE">acc</stfldnm><stflddv Sync="TRUE">1</stflddv><stflddd><domname Sync="TRUE">domACC</domname><domdesc Sync="TRUE"></domdesc><domtype Sync="TRUE">Coded Value</domtype><mrgtype Sync="TRUE">Default value</mrgtype><splttype Sync="TRUE">Duplicate</splttype><domowner Sync="TRUE">rush</domowner><domfldtp Sync="TRUE">Integer</domfldtp></stflddd></stfield><stfield><stfldnm Sync="TRUE">nam_info</stfldnm><stflddv Sync="TRUE">Unk</stflddv><stflddd><domname Sync="TRUE">domNAM_INFO</domname><domdesc Sync="TRUE"></domdesc><domtype Sync="TRUE">Coded Value</domtype><mrgtype Sync="TRUE">Default value</mrgtype><splttype Sync="TRUE">Duplicate</splttype><domowner Sync="TRUE">rush</domowner><domfldtp Sync="TRUE">String</domfldtp></stflddd></stfield><stfield><stfldnm Sync="TRUE">oga</stfldnm><stflddv Sync="TRUE">Unk</stflddv><stflddd><domname Sync="TRUE">domOGA_PAQ130</domname><domdesc Sync="TRUE"></domdesc><domtype Sync="TRUE">Coded Value</domtype><mrgtype Sync="TRUE">Default value</mrgtype><splttype Sync="TRUE">Duplicate</splttype><domowner Sync="TRUE">rush</domowner><domfldtp Sync="TRUE">String</domfldtp></stflddd></stfield><stfield><stfldnm Sync="TRUE">src_info</stfldnm><stflddv Sync="TRUE">Unk</stflddv></stfield><stfield><stfldnm Sync="TRUE">ext_scale</stfldnm><stflddv Sync="TRUE">10k</stflddv><stflddd><domname Sync="TRUE">domEXT_SCALE</domname><domdesc Sync="TRUE"></domdesc><domtype Sync="TRUE">Coded Value</domtype><mrgtype Sync="TRUE">Default value</mrgtype><splttype Sync="TRUE">Duplicate</splttype><domowner Sync="TRUE">rush</domowner><domfldtp Sync="TRUE">String</domfldtp></stflddd></stfield><stfield><stfldnm Sync="TRUE">nam</stfldnm><stflddv Sync="TRUE">Unk</stflddv></stfield><stfield><stfldnm Sync="TRUE">cpyrt_note</stfldnm><stflddv Sync="TRUE">NA</stflddv><stflddd><domname Sync="TRUE">domCPYRT_NOTE</domname><domdesc Sync="TRUE"></domdesc><domtype Sync="TRUE">Coded Value</domtype><mrgtype Sync="TRUE">Default value</mrgtype><splttype Sync="TRUE">Duplicate</splttype><domowner Sync="TRUE">rush</domowner><domfldtp Sync="TRUE">String</domfldtp></stflddd></stfield><stfield><stfldnm Sync="TRUE">fcsubtype</stfldnm><stflddv Sync="TRUE">0</stflddv></stfield><stfield><stfldnm Sync="TRUE">src_name</stfldnm><stflddv Sync="TRUE">998</stflddv><stflddd><domname Sync="TRUE">domSRC_NAME</domname><domdesc Sync="TRUE"></domdesc><domtype Sync="TRUE">Coded Value</domtype><mrgtype Sync="TRUE">Default value</mrgtype><splttype Sync="TRUE">Duplicate</splttype><domowner Sync="TRUE">rush</domowner><domfldtp Sync="TRUE">Integer</domfldtp></stflddd></stfield><stfield><stfldnm Sync="TRUE">fcode</stfldnm><stflddd><domname Sync="TRUE">domFCODE_AQ130</domname><domdesc Sync="TRUE"></domdesc><domtype Sync="TRUE">Coded Value</domtype><mrgtype Sync="TRUE">Default value</mrgtype><splttype Sync="TRUE">Default value</splttype><domowner Sync="TRUE">rush</domowner><domfldtp Sync="TRUE">String</domfldtp></stflddd></stfield><stfield><stfldnm Sync="TRUE">txt</stfldnm><stflddv Sync="TRUE">Unk</stflddv></stfield><stfield><stfldnm Sync="TRUE">imp_ass</stfldnm><stflddd><domname Sync="TRUE">domIMP_ASS_Event</domname><domdesc Sync="TRUE"></domdesc><domtype Sync="TRUE">Coded Value</domtype><mrgtype Sync="TRUE">Default value</mrgtype><splttype Sync="TRUE">Duplicate</splttype><domowner Sync="TRUE">rush</domowner><domfldtp Sync="TRUE">Integer</domfldtp></stflddd></stfield><stfield><stfldnm Sync="TRUE">status</stfldnm><stflddd><domname Sync="TRUE">domSTATUS</domname><domdesc Sync="TRUE"></domdesc><domtype Sync="TRUE">Coded Value</domtype><mrgtype Sync="TRUE">Default value</mrgtype><splttype Sync="TRUE">Default value</splttype><domowner Sync="TRUE">rush</domowner><domfldtp Sync="TRUE">Integer</domfldtp></stflddd></stfield></subtype><subtype><stname Sync="TRUE">AH070 - Checkpoint</stname><stcode Sync="TRUE">3</stcode><stfield><stfldnm Sync="TRUE">acc</stfldnm><stflddv Sync="TRUE">1</stflddv><stflddd><domname Sync="TRUE">domACC</domname><domdesc Sync="TRUE"></domdesc><domtype Sync="TRUE">Coded Value</domtype><mrgtype Sync="TRUE">Default value</mrgtype><splttype Sync="TRUE">Duplicate</splttype><domowner Sync="TRUE">rush</domowner><domfldtp Sync="TRUE">Integer</domfldtp></stflddd></stfield><stfield><stfldnm Sync="TRUE">nam_info</stfldnm><stflddv Sync="TRUE">Unk</stflddv><stflddd><domname Sync="TRUE">domNAM_INFO</domname><domdesc Sync="TRUE"></domdesc><domtype Sync="TRUE">Coded Value</domtype><mrgtype Sync="TRUE">Default value</mrgtype><splttype Sync="TRUE">Duplicate</splttype><domowner Sync="TRUE">rush</domowner><domfldtp Sync="TRUE">String</domfldtp></stflddd></stfield><stfield><stfldnm Sync="TRUE">oga</stfldnm><stflddv Sync="TRUE">Unk</stflddv><stflddd><domname Sync="TRUE">domOGA_PAH070</domname><domdesc Sync="TRUE"></domdesc><domtype Sync="TRUE">Coded Value</domtype><mrgtype Sync="TRUE">Default value</mrgtype><splttype Sync="TRUE">Duplicate</splttype><domowner Sync="TRUE">rush</domowner><domfldtp Sync="TRUE">String</domfldtp></stflddd></stfield><stfield><stfldnm Sync="TRUE">src_info</stfldnm><stflddv Sync="TRUE">Unk</stflddv></stfield><stfield><stfldnm Sync="TRUE">ext_scale</stfldnm><stflddv Sync="TRUE">10k</stflddv><stflddd><domname Sync="TRUE">domEXT_SCALE</domname><domdesc Sync="TRUE"></domdesc><domtype Sync="TRUE">Coded Value</domtype><mrgtype Sync="TRUE">Default value</mrgtype><splttype Sync="TRUE">Duplicate</splttype><domowner Sync="TRUE">rush</domowner><domfldtp Sync="TRUE">String</domfldtp></stflddd></stfield><stfield><stfldnm Sync="TRUE">nam</stfldnm><stflddv Sync="TRUE">Unk</stflddv></stfield><stfield><stfldnm Sync="TRUE">cpyrt_note</stfldnm><stflddv Sync="TRUE">NA</stflddv><stflddd><domname Sync="TRUE">domCPYRT_NOTE</domname><domdesc Sync="TRUE"></domdesc><domtype Sync="TRUE">Coded Value</domtype><mrgtype Sync="TRUE">Default value</mrgtype><splttype Sync="TRUE">Duplicate</splttype><domowner Sync="TRUE">rush</domowner><domfldtp Sync="TRUE">String</domfldtp></stflddd></stfield><stfield><stfldnm Sync="TRUE">fcsubtype</stfldnm><stflddv Sync="TRUE">0</stflddv></stfield><stfield><stfldnm Sync="TRUE">src_name</stfldnm><stflddv Sync="TRUE">998</stflddv><stflddd><domname Sync="TRUE">domSRC_NAME</domname><domdesc Sync="TRUE"></domdesc><domtype Sync="TRUE">Coded Value</domtype><mrgtype Sync="TRUE">Default value</mrgtype><splttype Sync="TRUE">Duplicate</splttype><domowner Sync="TRUE">rush</domowner><domfldtp Sync="TRUE">Integer</domfldtp></stflddd></stfield><stfield><stfldnm Sync="TRUE">fcode</stfldnm><stflddd><domname Sync="TRUE">domFCODE_AH070</domname><domdesc Sync="TRUE"></domdesc><domtype Sync="TRUE">Coded Value</domtype><mrgtype Sync="TRUE">Default value</mrgtype><splttype Sync="TRUE">Default value</splttype><domowner Sync="TRUE">rush</domowner><domfldtp Sync="TRUE">String</domfldtp></stflddd></stfield><stfield><stfldnm Sync="TRUE">txt</stfldnm><stflddv Sync="TRUE">Unk</stflddv></stfield><stfield><stfldnm Sync="TRUE">imp_ass</stfldnm><stflddd><domname Sync="TRUE">domIMP_ASS_Event</domname><domdesc Sync="TRUE"></domdesc><domtype Sync="TRUE">Coded Value</domtype><mrgtype Sync="TRUE">Default value</mrgtype><splttype Sync="TRUE">Duplicate</splttype><domowner Sync="TRUE">rush</domowner><domfldtp Sync="TRUE">Integer</domfldtp></stflddd></stfield><stfield><stfldnm Sync="TRUE">status</stfldnm><stflddd><domname Sync="TRUE">domSTATUS</domname><domdesc Sync="TRUE"></domdesc><domtype Sync="TRUE">Coded Value</domtype><mrgtype Sync="TRUE">Default value</mrgtype><splttype Sync="TRUE">Default value</splttype><domowner Sync="TRUE">rush</domowner><domfldtp Sync="TRUE">Integer</domfldtp></stflddd></stfield></subtype></detailed></eainfo><mdDateSt Sync="TRUE">20151201</mdDateSt></metadata>
