<?xml version="1.0" encoding="UTF-8"?>
<metadata xml:lang="de"><Esri><CreaDate>20161028</CreaDate><CreaTime>00445600</CreaTime><ArcGISFormat>1.0</ArcGISFormat><SyncOnce>TRUE</SyncOnce><DataProperties><lineage><Process ToolSource="c:\program files (x86)\arcgis\desktop10.1\ArcToolbox\Toolboxes\Data Management Tools.tbx\CalculateField" Date="20161028" Time="004456">CalculateField EMSR190_11GROTTI_02GRADING_v1_12500_land_cover_poly src_date "27/10/2016" VB #</Process><Process ToolSource="c:\program files (x86)\arcgis\desktop10.1\ArcToolbox\Toolboxes\Data Management Tools.tbx\CalculateField" Date="20161028" Time="004501">CalculateField EMSR190_11GROTTI_02GRADING_v1_12500_land_cover_poly ext_date "27/10/2016" VB #</Process><Process ToolSource="c:\program files (x86)\arcgis\desktop10.1\ArcToolbox\Toolboxes\Data Management Tools.tbx\CalculateField" Date="20161028" Time="004514">CalculateField EMSR190_11GROTTI_02GRADING_v1_12500_land_cover_poly src_info "Not Applicable" VB #</Process><Process ToolSource="c:\program files (x86)\arcgis\desktop10.1\ArcToolbox\Toolboxes\Data Management Tools.tbx\CalculateField" Date="20161028" Time="004524">CalculateField EMSR190_11GROTTI_02GRADING_v1_12500_land_cover_poly nam "Not Applicable" VB #</Process><Process ToolSource="c:\program files (x86)\arcgis\desktop10.1\ArcToolbox\Toolboxes\Data Management Tools.tbx\CalculateField" Date="20161028" Time="004539">CalculateField EMSR190_11GROTTI_02GRADING_v1_12500_land_cover_poly act_id "EMSR190" VB #</Process><Process ToolSource="c:\program files (x86)\arcgis\desktop10.1\ArcToolbox\Toolboxes\Data Management Tools.tbx\CalculateField" Date="20161028" Time="004554">CalculateField EMSR190_11GROTTI_02GRADING_v1_12500_land_cover_poly src_info "CLC2000" VB #</Process></lineage></DataProperties></Esri></metadata>
